va,size,kind
0x000126A0,220,jumptable
0x000193C0,52,jumptable
0x0001CDB0,20,jumptable
0x0001CE20,20,jumptable
0x0001CE90,20,jumptable
0x00026FD0,20,jumptable
0x00027110,20,jumptable
0x00027170,20,jumptable
0x0002EAD0,28,jumptable
0x00032380,48,jumptable
0x000367F0,20,jumptable
0x00038630,20,jumptable
0x0003BD50,52,jumptable
0x00042640,24,jumptable
0x00044830,44,jumptable
0x000456A0,28,jumptable
0x000459C0,36,jumptable
0x00049A60,16,jumptable
0x0004A8B0,108,jumptable
0x0004C9A0,24,jumptable
0x00053D00,24,jumptable
0x0005F090,28,jumptable
0x00069480,24,jumptable
0x0006E0C0,16,jumptable
0x0007458A,16,jumptable
0x000807DC,64,jumptable
0x00080FC0,48,jumptable
0x0008D690,48,jumptable
0x0008DE50,48,jumptable
0x0008EF08,28,jumptable
0x00091E5C,16,jumptable
0x000940F1,28,jumptable
