start,unit
0x00010010,main.c
0x000112B0,misc.c
0x00012550,network.c
0x00015920,mouseptr.c
0x00019E30,tasks.c
0x0001A3D0,mob.c
0x0001AE50,key.c
0x0001B250,mouse.c
0x0001B7E0,sound.c
0x0001E310,units.c
0x0001F470,netz.c
0x000202A0,fmv.c
0x00020B60,loadsave.c
0x00027184,gfx.c
0x00028040,effect.c
0x000285D0,crtgen.c
0x00029650,netzutil.c
0x0002A410,toolbars.c
0x0002CD40,aircraft.c
0x0002F200,playctrl.c
0x00030E00,mission.c
0x00032430,super.c
0x00039760,clanhall.c
0x0003A060,outpost.c
0x0003BCF0,beastenc.c
0x0003D930,infantry.c
0x00046CA0,tower.c
0x00049210,tanker.c
0x000498A0,machshop.c
0x0004A010,uinput.c
0x0004B570,message.c
0x0004C1E0,netipx.c
0x0004EC30,building.c
0x0004F670,uncover.c
0x00052AE0,bread.c
0x00055D70,schrap.c
0x00056440,projectl.c
0x00058960,enemyai.c
0x0005C9F0,healthbr.c
0x0005E360,serial.c
0x00060640,vid_dump.c
0x00068220,vesa.c
0x00068B80,files.c
0x00068FE0,ini.c
0x0006B540,controlc.c
0x0006C460,savegame.c
0x0006C710,key2.c
0x00070530,nipx.c
0x000710B5,lib/libs.c
